Siglas.de.la.Institución,Institución,n_contratos,total_monto,contratacion_restringida,proveedor_sancionado,ausencia_competencia,plazos_cortos,publicacion_tardia,ihh_institucion,calificacion_irc,calificacion_competencia,calificacion_transparencia,calificacion_anomalias,institucion_merge
AEFCM,Autoridad Educativa Federal en la Ciudad de México,364,3603600669.1399984,84.89,0.0,3904.76,33.1,48.48,3338.41068160221,44.3165745836756,80.56519140537524,24.54984763185641,28.41838345718765,autoridadeducativafederalenlaciudaddemexico
AEM,Agencia Espacial Mexicana,53,18810353.019999996,92.45,0.0,,50.0,86.79,3694.11651828347,83.13840213067797,65.71330929248818,76.57592548090227,58.99704760446601,agenciaespacialmexicana
AGN,Archivo General de la Nación,175,208581015.946396,78.86,0.0,3745.61,12.0,62.29,2458.46965548195,20.847346189185448,49.005964535743544,8.477070886377348,32.127684622472295,archivogeneraldelanacion
AGROASEMEX,"Agroasemex, S.A.",215,93574659.43859898,86.05,0.0,3304.12,0.0,75.35,496.257558191474,24.35320781627031,48.43543435228382,18.91470317657007,40.100469465476785,agroasemexsa
AICM,"Aeropuerto Internacional de la Ciudad de México, S.A. de C.V.",617,8713213670.45081,59.32,0.49,2952.95,29.43,30.96,909.989742326696,17.87413809671589,43.081729570295465,11.238822905831029,36.34143746740838,aeropuertointernacionaldelaciudaddemexicosadecv
APBP,Administración del Patrimonio de la Beneficencia Pública,16,19409570.07,68.75,0.0,2071.43,0.0,56.25,9879.6504531269,22.660346532002087,43.74547207184645,20.518284591212897,15.994515916559385,administraciondelpatrimoniodelabeneficenciapublica
API-Altamira,"Administración Portuaria Integral de Altamira, S.A. de C.V.",530,1122875648.5246491,91.13,0.0,5665.3,21.18,65.97,1781.98410087112,27.937456544306876,45.72493203907838,19.177966698762557,36.0753762645943,administracionportuariaintegraldealtamirasadecv
API-Coatzacoalcos,"Administración Portuaria Integral de Coatzacoalcos, S.A. de C.V.",311,998857054.88625,87.46,0.0,3139.08,14.41,61.24,1230.48187489708,40.401159597679744,39.7866225115471,45.63486613411616,36.111190102241984,administracionportuariaintegraldecoatzacoalcossadecv
API-Dos Bocas,"Administración Portuaria Integral de Dos Bocas, S.A. de C.V.",297,335757297.40630007,92.93,0.0,2481.13,3.33,2.02,4543.34183276994,18.241333270740963,48.051443941415414,6.8133531586549525,9.311656556145504,administracionportuariaintegraldedosbocassadecv
API-Ensenada,"Administración Portuaria Integral de Ensenada, S.A. de C.V.",147,132246517.08056007,93.88,0.0,4381.58,5.0,79.31,2689.5414282508,54.04444506213913,67.58677152129799,69.52924830180474,42.661863329588115,administracionportuariaintegraldeensenadasadecv
API-Guaymas,"Administración Portuaria Integral de Guaymas, S.A. de C.V.",684,583178136.4799998,95.76,0.0,6761.9,2.04,90.34,1862.60992510834,72.62862778001924,61.05305263056913,66.70244127839422,51.62011214109425,administracionportuariaintegraldeguaymassadecv
API-Lázaro Cárdenas,"Administración Portuaria Integral de Lázaro Cárdenas, S.A. de C.V.",790,2181143345.0545573,86.84,0.0,2696.07,23.62,80.63,1590.62975033336,20.968109266587675,37.12130327640815,14.90756404672205,29.210733065212445,administracionportuariaintegraldelazarocardenassadecv
API-Manzanillo,"Administración Portuaria Integral de Manzanillo, S.A. de C.V.",877,2142567382.5147743,95.1,0.0,3426.29,8.33,66.9,1506.44341435276,31.138488536325504,55.12894881041884,36.52863407785993,34.80381836187685,administracionportuariaintegraldemanzanillosadecv
API-Mazatlán,"Administración Portuaria Integral de Mazatlán, S.A. de C.V.",159,598715382.86,84.28,0.0,4132.54,27.78,62.03,7777.24971798952,41.64104900445509,99.03922211138149,15.095617835882885,41.231299099936045,administracionportuariaintegraldemazatlansadecv
API-Progreso,"Administración Portuaria Integral de Progreso, S.A. de C.V.",448,454852588.0944442,93.08,0.0,4536.01,5.0,75.67,2746.81333821754,35.391338039863705,50.85105826682194,33.03832764154822,20.999339968477397,administracionportuariaintegraldeprogresosadecv
API-Puerto Madero,"Administración Portuaria Integral de Puerto Madero, S.A. de C.V.",79,99720696.99,83.54,0.0,4437.5,25.0,75.95,4932.72608004133,48.76722161326749,66.68223874584932,33.84309122289979,34.27431881233283,administracionportuariaintegraldepuertomaderosadecv
API-Puerto Vallarta,"Administración Portuaria Integral de Puerto Vallarta, S.A. de C.V.",100,61389219.660753,88.0,0.0,3225.6,45.0,79.8,2255.61265245816,42.38471072823694,54.54909841382953,28.885267001914066,65.98685328179582,administracionportuariaintegraldepuertovallartasadecv
API-Salina Cruz,"Administración Portuaria Integral de Salina Cruz, S.A. de C.V.",191,4478250065.045872,90.05,0.0,2867.92,39.29,86.39,9446.87626450239,72.68724619675042,100.0,73.04950830396876,68.49975035674801,administracionportuariaintegraldesalinacruzsadecv
API-Tampico,"Administración Portuaria Integral de Tampico, S.A. de C.V.",83,330262999.8069999,68.67,0.0,4593.2,9.3,1.2,2865.1819412815,22.90059088206393,42.58406860901915,28.525253129165268,11.938416576413129,administracionportuariaintegraldetampicosadecv
API-Topolobampo,"Administración Portuaria Integral de Topolobampo, S.A. de C.V.",119,459613380.11,89.92,0.0,3093.34,0.0,23.53,7119.1539577447,42.22032274677161,54.08783756328255,49.37969475924812,44.309760720967034,administracionportuariaintegraldetopolobamposadecv
API-Tuxpan,"Administración Portuaria Integral de Tuxpan, S.A. de C.V.",202,364654834.4436998,89.11,0.0,3559.1,1.96,47.52,2730.9147804161,36.01326883856432,61.34796330558183,25.763465051961315,18.056544190846513,administracionportuariaintegraldetuxpansadecv
API-Veracruz,"Administración Portuaria Integral de Veracruz, S.A. de C.V.",1549,3993460644.034549,96.32,0.0,6426.89,17.19,76.57,386.431179708548,37.81638810764974,77.21591883746626,7.641736394413535,46.1536370321032,administracionportuariaintegraldeveracruzsadecv
APRENDEMX,Coordinación General @prende.mx,35,453890751.15000015,48.57,0.0,2816.24,0.0,57.14,7176.58312909774,26.865248276735905,73.08911572776653,15.868164767084695,22.195139399117,coordinaciongeneralprendemx
ARTF,Agencia Reguladora del Transporte Ferroviario,60,16743079.740000002,83.33,0.0,3333.33,50.0,71.67,1823.78251179665,67.636969226128,52.044988148731704,72.85789448773295,66.29628252264152,agenciareguladoradeltransporteferroviario
ASA,Aeropuertos y Servicios Auxiliares,2763,2987716559.1150117,67.14,0.04,3537.58,17.59,21.3,309.038029841785,18.680349845531925,32.50477110021879,16.944166954367272,15.634091451162572,aeropuertosyserviciosauxiliares
ASEA,Agencia Nacional de Seguridad Industrial y de Protección al Medio Ambiente del Sector Hidrocarburos,154,211179658.56237006,77.92,0.0,3939.28,15.22,46.75,2130.01140355645,23.95896065032782,46.28984236409406,16.382652735138272,33.752512613670724,agencianacionaldeseguridadindustrialydeproteccionalmedioambientedelsectorhidrocarburos
ASERCA,Agencia de Servicios a la Comercialización y Desarrollo de Mercados Agropecuarios,1160,307712676.2099997,97.93,0.0,5448.72,30.0,93.62,892.610768003568,51.70486058615236,57.62111192099716,52.06863145333421,61.05667330902943,agenciadeserviciosalacomercializacionydesarrollodemercadosagropecuarios
BANCODELBIENESTAR,"Banco del Bienestar, S.N.C., I.B.D",286,5772400115.400003,78.32,0.0,3508.6,31.82,76.22,1209.00858029132,26.11609328289804,39.7977714058709,8.979021978511584,55.775762567887035,bancodelbienestarsncibd
BANCOMEXT,"Banco Nacional de Comercio Exterior, S.N.C.",731,1100737597.9847775,96.31,0.0,3288.63,5.88,72.64,2139.19702573714,37.02808189342355,54.646573791900806,33.78461559194003,32.74609900323642,banconacionaldecomercioexteriorsnc
BANJERCITO,"Banco Nacional del Ejército, Fuerza Aérea y Armada, S.N.C.",803,3737789459.817859,75.22,0.0,2708.87,12.4,26.65,1171.67424636064,27.759553607250954,52.00679534011105,17.74377729362189,18.234817141190714,banconacionaldelejercitofuerzaaereayarmadasnc
BANOBRAS,"Banco Nacional de Obras y Servicios Públicos, S.N.C.",764,23802042710.20934,87.17,0.0,3899.9,7.08,58.51,6145.1232115722,28.795352148529947,52.87948521313631,14.035177793141287,22.695827667759566,banconacionaldeobrasyserviciospublicossnc
BANSEFI,"Banco del Ahorro Nacional y Servicios Financieros, S.N.C.",115,750831806.59,79.13,0.0,4058.31,3.45,72.17,955.047945556835,22.23133261625141,48.32470520844177,7.656396626849774,33.933294979675985,bancodelahorronacionalyserviciosfinancierossnc
BIENESTAR,Secretaria de Bienestar,2404,7806175503.447479,96.94,0.0,5261.1,28.16,67.09,1338.84490604916,46.323216725629436,57.78559522376526,28.31483876787485,42.70821601060302,secretariadebienestar
BIRMEX,"Laboratorios de Biológicos y Reactivos de México, S.A. de C.V.",1047,12395403972.931305,75.07,0.0,2710.36,51.13,60.99,3560.21866269208,45.73928606224509,66.26767987170213,14.42077660931277,48.033797663158914,laboratoriosdebiologicosyreactivosdemexicosadecv
CAAD,Comisión de Apelación y Arbitraje del Deporte,5,277563.0,0.0,0.0,,,100.0,10000,63.47389480961779,10.879803818567085,94.41535171646139,70.28989292507165,comisiondeapelacionyarbitrajedeldeporte
CAPUFE,Caminos y Puentes Federales de Ingresos y Servicios Conexos,2674,22402529039.541843,30.22,0.07,3781.11,20.36,26.6,277.067166442453,4.553562629088049,16.19526735708997,3.5536577756658345,21.9052791693728,caminosypuentesfederalesdeingresosyserviciosconexos
CCC,"Centro de Capacitación Cinematográfica, A.C.",1052,62062417.218834825,99.71,0.0,4236.11,0.0,93.16,169.150469062876,48.76225678573902,62.81627053022999,20.87314783730399,50.5387010279848,centrodecapacitacioncinematograficaac
CEAV,Comisión Ejecutiva de Atención a Víctimas,112,353864725.60590005,80.36,0.0,5440.48,33.33,71.43,3439.16313705934,58.335354148852566,58.60237657627761,44.60876460840601,62.37963643669215,comisionejecutivadeatencionavictimas
CECUTT,"Compañía Operadora del Centro Cultural y Turístico de Tijuana, S.A. de C.V.",1171,170246750.0141259,94.36,0.0,6416.67,6.25,78.65,318.708245255729,66.88063064997131,56.89809165692213,65.40876279644867,40.718938925016346,companiaoperadoradelcentroculturalyturisticodetijuanasadecv
CENACE,Centro Nacional de Control de Energía,509,1483380260.4734824,90.18,0.0,2898.58,6.25,21.61,5218.15311598302,34.6854841581854,76.20661086466502,21.986467631255078,16.316403487237917,centronacionaldecontroldeenergia
CENAGAS,Centro Nacional de Control del Gas Natural,358,4860940164.466361,73.18,0.0,2768.07,16.3,58.38,1365.9271657124,34.88999177204474,59.69632334941485,26.51218515504882,31.09595876542587,centronacionaldecontroldelgasnatural
CENAM,Centro Nacional de Metrología,847,223557072.09519058,92.68,0.0,4397.59,16.85,21.39,1822.6493682369,37.35305912761407,54.76090852018234,39.594630029413786,44.965292782374476,centronacionaldemetrologia
CENAPRECE,Centro Nacional de Programas Preventivos y Control de Enfermedades,176,1744081380.1701386,85.8,1.14,2862.43,73.68,78.4,2675.0111764243,91.49889982467471,80.19339527006804,66.32229207149774,63.992237421683505,centronacionaldeprogramaspreventivosycontroldeenfermedades
CENETEC,Centro Nacional de Excelencia Tecnológica en Salud,11,1940019.89,72.73,0.0,2222.22,50.0,18.18,6630.32968361625,55.269336999953076,53.0668911116276,50.7072236097508,41.65754018021818,centronacionaldeexcelenciatecnologicaensalud
CENSIA,Centro Nacional para la Salud de la Infancia y la Adolescencia,43,12465831265.64384,62.79,0.0,,,97.37,4730.34357190798,68.49798488170732,100.0,23.602624143887468,100.0,centronacionalparalasaluddelainfanciaylaadolescencia
CENSIDA,Centro Nacional para la Prevención y el Control del VIH/SIDA,246,12089808569.360003,97.56,0.81,4333.33,37.5,85.71,6445.65828808964,76.4424868845531,92.5311668064046,60.41003756849055,66.96809266659194,centronacionalparalaprevencionyelcontroldelvihsida
CENTROGEO,"Centro de Investigación en Ciencias de Información Geoespacial, A.C.",219,59030045.504399985,87.67,0.0,2883.33,62.5,84.02,1821.83106383398,36.48030658964018,46.1311841227266,13.737112295886797,51.05302974306167,centrodeinvestigacionencienciasdeinformaciongeoespacialac
CETI,Centro de Enseñanza Técnica Industrial,427,196133793.71000007,79.16,0.0,2526.59,6.74,68.31,931.589192970126,65.35788990963319,44.13144515306354,54.751464509578426,50.08875954631119,centrodeensenanzatecnicaindustrial
CFE,Comisión Federal de Electricidad,52,63418569.79000001,100.0,0.0,,4.76,0.0,5882.95960864103,79.83525719548051,82.61836253729581,100.0,18.316270748867908,comisionfederaldeelectricidad
CIAD,"Centro de Investigación en Alimentación y Desarrollo, A.C.",1327,228410931.42752698,98.42,0.0,4785.71,24.24,92.73,357.473838628122,97.0911890246411,72.43274025561462,89.30786399634647,57.37107296628833,centrodeinvestigacionenalimentacionydesarrolloac
CIATEC,"CIATEC, A.C. ""Centro de Innovación Aplicada en Tecnologías Competitivas""",151,193933756.33290702,80.13,0.0,2316.99,4.17,52.98,2117.08069390546,42.48521030438921,52.686218396790395,44.72264964819364,42.813357019568116,ciatecaccentrodeinnovacionaplicadaentecnologiascompetitivas
CIATEJ,"Centro de Investigación y Asistencia en Tecnología y Diseño del Estado de Jalisco, A.C.",270,141773066.91,91.48,0.0,4334.96,9.09,82.59,2499.22386056531,25.222038623037115,65.28692539103349,6.825860936761911,35.1805207526668,centrodeinvestigacionyasistenciaentecnologiaydisenodelestadodejaliscoac
CIATEQ,"CIATEQ, A.C. Centro de Tecnología Avanzada",212,388760413.258484,86.32,0.0,3869.4,11.11,46.23,3630.67062754042,41.87875531582187,57.13669492205942,8.845765308414917,61.32068082757781,ciateqaccentrodetecnologiaavanzada
CIBNOR,"Centro de Investigaciones Biológicas del Noroeste, S.C.",968,200694826.2552927,91.84,0.0,5744.44,5.88,56.92,624.198097964973,49.04279855520649,60.565443180249225,50.789451928594545,32.37232663427797,centrodeinvestigacionesbiologicasdelnoroestesc
CICESE,"Centro de Investigación Científica y de Educación Superior de Ensenada, Baja California",607,561240779.2246586,94.89,0.0,3884.79,12.9,93.56,1939.75234699807,41.97330170836471,52.68099063535811,36.56836286882268,46.776563822911754,centrodeinvestigacioncientificaydeeducacionsuperiordeensenadabajacalifornia
CICY,"Centro de Investigación Científica de Yucatán, A.C.",736,135214972.872565,96.06,0.0,5138.89,24.24,92.8,1173.03459396077,44.798757994423596,53.9815534380621,32.5161833008666,46.44443125535939,centrodeinvestigacioncientificadeyucatanac
CIDE,"Centro de Investigación y Docencia Económicas, A.C.",304,199552622.31267506,88.49,0.0,3584.51,8.25,24.67,627.143734767616,24.117018406309253,53.28909127498777,9.727844213383866,31.852332152425493,centrodeinvestigacionydocenciaeconomicasac
CIDESI,Centro de Ingeniería y Desarrollo Industrial,40,433956800.3800001,45.0,0.0,4062.9,5.0,0.0,6437.56088027446,28.163383054172847,39.71780268363675,24.9397992146562,8.602919707380687,centrodeingenieriaydesarrolloindustrial
CIDETEQ,"Centro de Investigación y Desarrollo Tecnológico en Electroquímica, S.C.",574,147448600.94194856,86.41,0.0,3118.29,17.57,86.93,1246.17506626402,30.54734261730891,50.30733999164387,24.345101381125154,43.459254076213945,centrodeinvestigacionydesarrollotecnologicoenelectroquimicasc
CIESAS,Centro de Investigaciones y Estudios Superiores en Antropología Social,477,168601464.59360096,93.92,0.42,2824.4,18.75,90.57,1622.13928761534,70.2139709186419,73.51672887194613,55.54712499957449,71.94852384123503,centrodeinvestigacionesyestudiossuperioresenantropologiasocial
CIIT,Corredor Interoceánico del Istmo de Tehuantepec,19,8075306.67,94.74,0.0,3333.33,0.0,82.35,1243.00180836138,37.70943040589954,50.76880666507086,15.629332672968173,33.60606708697522,corredorinteroceanicodelistmodetehuantepec
CIJ,"Centros de Integración Juvenil, A.C.",820,163548698.88099995,74.63,0.0,1799.69,34.78,49.69,1645.32975987922,31.859241303533164,53.675591914258945,29.237484026007504,39.738271239696466,centrosdeintegracionjuvenilac
CIMAT,"Centro de Investigación en Matemáticas, A.C.",206,56455008.186807975,81.55,0.0,2430.19,5.56,89.32,1238.36874167611,61.44640643404976,50.297384475638104,55.31044798407404,43.776986379609454,centrodeinvestigacionenmatematicasac
CIMAV,"Centro de Investigación en Materiales Avanzados, S.C.",409,49533443.20486001,96.58,0.0,3194.44,0.0,93.15,1315.04519988765,33.23052579305711,68.51917222578787,12.358231737105788,45.65523871730666,centrodeinvestigacionenmaterialesavanzadossc
CINVESTAV,Centro de Investigación y de Estudios Avanzados del Instituto Politécnico Nacional,7354,2821398808.858819,97.84,0.01,3626.84,20.99,38.44,1389.44808819631,25.992797904194475,54.72022265352553,10.421497519502223,29.23454773634354,centrodeinvestigacionydeestudiosavanzadosdelinstitutopolitecniconacional
CIO,"Centro de Investigaciones en Óptica, A.C.",371,137325440.1748432,90.57,0.0,2709.52,31.25,83.83,1103.62942552394,48.389754179025594,59.98455859202747,47.42813984827342,75.4336670609838,centrodeinvestigacionesenopticaac
CIQA,Centro de Investigación en Química Aplicada,951,131873167.95707789,89.91,0.0,4949.42,32.93,82.75,848.295960095647,49.4797835665577,54.65200025677872,47.10068855738524,64.07695460955694,centrodeinvestigacionenquimicaaplicada
CISEN,Centro de Investigación y Seguridad Nacional,185,110139353.55148602,77.3,0.0,3246.89,46.0,7.57,637.722262118891,42.57171353189253,34.78644500247216,60.58349072114822,20.82655477537708,centrodeinvestigacionyseguridadnacional
CJEF,Consejería Jurídica del Ejecutivo Federal,84,37977061.769999996,81.0,0.0,4202.38,40.0,69.05,1951.90851791924,35.94147330035812,48.561433391558914,24.864142140248617,49.06832801814289,consejeriajuridicadelejecutivofederal
CMM,Casa de Moneda de México,1354,2371806038.9456663,97.27,0.0,6666.67,46.43,98.45,3939.9004500687,92.55432111945936,77.2128633126979,63.537491453657104,78.37114973166234,casademonedademexico
CNB,Comisión Nacional de Bioética,26,3032618.29,100.0,0.0,,66.67,76.92,2726.40058885527,100.0,79.52301580035963,88.11512204466328,93.27794493577547,comisionnacionaldebioetica
CNBBBJ,Coordinación Nacional de Becas para el Bienestar Benito Juárez,1051,1114837463.1152985,87.06,0.0,5728.38,17.45,57.18,2348.05547030655,38.45069087078644,59.4647179922378,36.36977303665058,37.82941020631838,coordinacionnacionaldebecasparaelbienestarbenitojuarez
CNBV,Comisión Nacional Bancaria y de Valores,274,2000681811.5205746,90.15,0.0,4253.21,22.95,47.41,3290.13376675748,32.19341495319071,63.83229441248003,22.226469507285067,36.65065852370765,comisionnacionalbancariaydevalores
CNEGSR,Centro Nacional de Equidad de Género y Salud Reproductiva,479,3497060574.1336093,95.41,0.84,3333.33,87.5,94.57,3492.38377620147,88.06450427120105,66.69183099916202,81.43348824733712,100.0,centronacionaldeequidaddegeneroysaludreproductiva
CNH,Comisión Nacional de Hidrocarburos,40,815032084.6111311,68.63,0.0,2284.19,7.69,47.5,3793.04439999448,17.708102194297272,40.159357066166336,13.545295951142686,17.039200677572357,comisionnacionaldehidrocarburos
CNI,Centro Nacional de Inteligencia,186,252770214.88161,61.29,0.0,2173.0,52.05,8.6,1913.78802519681,26.079458952036738,50.67061701813312,6.404164501480385,39.81662357582522,centronacionaldeinteligencia
CNPSS,Comisión Nacional de Protección Social en Salud,20,8393745.600000001,95.0,0.0,10000.0,0.0,0.0,2340.2098018912,56.91968368172435,65.18843978707524,67.99392003867429,19.986142027881,comisionnacionaldeproteccionsocialensalud
CNSF,Comisión Nacional de Seguros y Fianzas,235,2164750958.6590815,75.32,0.0,5300.29,8.06,60.43,7973.22675646931,24.4196008357262,48.47243451746701,12.833506178315886,25.250117980076748,comisionnacionaldesegurosyfianzas
CNSNS,Comisión Nacional de Seguridad Nuclear y Salvaguardias,226,25916548.524399996,93.36,0.0,4958.33,11.11,42.04,899.357719020541,40.7201076949085,60.83771932992762,21.7170016402214,36.32553192271789,comisionnacionaldeseguridadnuclearysalvaguardias
CNTS,Centro Nacional de la Transfusión Sanguínea,160,55415084.91999999,93.75,0.0,5214.29,66.67,91.82,2452.36901862744,86.63497436001863,66.5634441528073,83.51124737242348,83.72681539321147,centronacionaldelatransfusionsanguinea
COFAA,Comisión de Operación y Fomento de Actividades Académicas del Instituto Politécnico Nacional,458,141141068.89299995,41.27,0.22,2262.39,39.24,0.22,1634.8598341996,12.411567663722652,26.708708693630918,12.748263407084707,15.420442514590372,comisiondeoperacionyfomentodeactividadesacademicasdelinstitutopolitecniconacional
COFECE,Comisión Federal de Competencia Económica,599,308963199.91952884,73.62,0.0,2692.87,0.0,65.94,1594.3288056374,21.23319544005283,46.866165570708354,7.720307913636086,27.480429884741437,comisionfederaldecompetenciaeconomica
COFEPRIS,Comisión Federal para la Protección contra Riesgos Sanitarios,334,527325494.00311995,58.98,0.0,4148.55,80.16,43.11,1311.3063361967,36.71327469751917,55.17427763916329,26.8577886821937,40.64808917038705,comisionfederalparalaproteccioncontrariesgossanitarios
COLBACH,Colegio de Bachilleres,415,426309473.83999985,82.89,0.0,4179.8,17.95,64.58,2412.26251584516,29.712878275868547,51.754805947636775,22.341816450259014,37.27881854412578,colegiodebachilleres
COLEF,"El Colegio de la Frontera Norte, A.C.",609,167873190.44025087,90.48,0.0,3488.05,5.26,89.33,355.375225863704,30.437390183700014,47.30251341587273,20.213171021089448,38.75571465976238,elcolegiodelafronteranorteac
COLMICH,"El Colegio de Michoacán, A.C.",1256,38377580.80910907,98.73,0.0,3578.23,21.43,97.29,728.850028126325,37.643541652624855,55.60881746909425,9.659121352140788,58.14654928348892,elcolegiodemichoacanac
COLPOS,Colegio de Postgraduados,2410,940988015.8003999,96.85,0.0,3965.92,4.41,0.58,1689.29034396401,22.290947848155916,65.08589597802337,6.0675456284650275,17.859230022779222,colegiodepostgraduados
COLSAN,"El Colegio de San Luis, A.C.",129,45870302.76,91.47,0.0,4435.9,23.08,86.05,1641.94379139743,32.55119630347757,57.31168231095673,16.371171271970187,49.60970966787851,elcolegiodesanluisac
COMESA,"Compañía Mexicana de Exploraciones, S.A. de C.V.",152,883683337.4356521,93.42,0.0,6031.75,19.05,36.84,6234.92553183438,24.54819066518377,66.2534300569845,4.64591568491166,29.7380129758294,companiamexicanadeexploracionessadecv
COMIMSA,"Corporación Mexicana de Investigación en Materiales, S.A. de C.V.",626,251199985.71890703,84.03,0.16,4026.56,0.0,14.7,512.052703258437,26.431740162100382,49.103275510158745,7.688524009946242,22.856749836744974,corporacionmexicanadeinvestigacionenmaterialessadecv
CONACYT,CONSEJO NACIONAL DE CIENCIA Y TECNOLOGÍA,0,1780248.44,100.0,0.0,,,,2726.97312391786,20.08110984263977,52.82186097434067,7.57249215971113,15.499842452332008,consejonacionaldecienciaytecnologia
CONACYT,Consejo Nacional de Ciencia y Tecnología,142,376988595.88000005,83.1,0.0,5479.17,17.86,6.34,2726.97312391786,20.08110984263977,52.82186097434067,7.57249215971113,15.499842452332008,consejonacionaldecienciaytecnologia
CONADE,Comisión Nacional de Cultura Física y Deporte,1400,1112199721.7400007,97.5,0.0,2962.74,54.05,90.0,1612.31587123798,60.89532539049084,63.87932649947046,67.54970635525707,56.14212543417897,comisionnacionaldeculturafisicaydeporte
CONADESUCA,Comité Nacional para el Desarrollo Sustentable de la Caña de Azúcar,54,8765351.58,100.0,0.0,,100.0,94.44,1011.38164536551,66.61370412344327,78.9679187459551,65.9638215353042,68.73608444369914,comitenacionalparaeldesarrollosustentabledelacanadeazucar
CONADIC,Comisión Nacional contra las Adicciones,94,52404439.23999999,98.94,0.0,10000.0,0.0,79.12,7483.41377466377,61.17689617635575,90.05051979524409,48.316811353355504,42.88366351718452,comisionnacionalcontralasadicciones
CONADIS,Consejo Nacional para el Desarrollo y la Inclusión de las Personas con Discapacidad,46,27611667.55,89.13,0.0,3333.33,0.0,93.1,3062.16476880692,99.93974551324214,72.39156448944229,100.0,29.80487115046983,consejonacionalparaeldesarrolloylainclusiondelaspersonascondiscapacidad
CONAFE,Consejo Nacional de Fomento Educativo,625,1432598420.0660017,87.84,0.0,2336.93,73.48,75.44,1512.50250459467,39.695005885796476,44.02633415767963,37.24285192796269,46.973053204708904,consejonacionaldefomentoeducativo
CONAFOR,Comisión Nacional Forestal,2849,1222397245.075991,96.17,0.07,4094.84,13.82,57.13,640.565847844818,49.757045604246215,56.85580226542979,45.85454936798795,26.353792607094363,comisionnacionalforestal
CONAGUA,Comisión Nacional del Agua,4395,22187169485.43218,70.24,0.0,3465.88,15.47,33.08,334.493510044337,17.466358558668876,32.44876237022941,16.73516052181741,22.486606549607707,comisionnacionaldelagua
CONALEP,Colegio Nacional de Educación Profesional Técnica,296,851594812.5568794,81.08,0.34,3191.4,19.72,12.5,1702.21471033634,17.326250153464546,46.29793552162909,9.839972317503276,17.928192709849668,colegionacionaldeeducacionprofesionaltecnica
CONALITEG,Comisión Nacional de Libros de Texto Gratuitos,3235,11237197025.660007,91.44,0.03,2418.14,47.49,85.62,1423.98100614056,31.669878334649987,54.01452519207371,14.914892706518701,66.05329507568979,comisionnacionaldelibrosdetextogratuitos
CONAMED,Comisión Nacional de Arbitraje Médico,46,7973718.99,86.96,0.0,2000.0,0.0,2.17,3071.01125638423,43.194089199760974,70.11361504738767,28.52832052230993,41.610431616101906,comisionnacionaldearbitrajemedico
CONAMER,Comisión Nacional de Mejora Regulatoria,39,5969317.010000001,69.23,2.56,10000.0,88.24,83.78,3883.34957852444,40.613239200034116,44.54892792641984,28.024102365837937,84.40241204664594,comisionnacionaldemejoraregulatoria
CONAMPROS,Comité Nacional Mixto de Protección al Salario,71,2510473.9999999995,94.37,0.0,,100.0,94.37,2304.66811074662,77.70750480487317,80.51817749107225,90.38375176251554,62.20492005920578,comitenacionalmixtodeproteccionalsalario
CONANP,Comisión Nacional de Áreas Naturales Protegidas,453,287262725.02399975,69.76,0.0,3090.27,23.33,68.92,1469.90679341098,34.78299168203882,48.34256962953728,22.126530764070385,51.19914506205283,comisionnacionaldeareasnaturalesprotegidas
CONAPESCA,Comisión Nacional de Acuacultura y Pesca,516,2855852824.021199,89.73,0.0,2253.4,13.95,82.36,983.95012858064,46.41046225746655,54.690185251657375,25.224155154457677,79.54070282669244,comisionnacionaldeacuaculturaypesca
CONAPRED,Consejo Nacional para Prevenir la Discriminación,1140,159067593.33224845,97.28,0.0,4943.18,18.18,58.86,562.394553600602,35.064947268567,54.79384045810492,28.775085250918675,37.82694379824636,consejonacionalparaprevenirladiscriminacion
CONASAMI,Comisión Nacional de los Salarios Mínimos,74,10347989.171000004,81.08,0.0,,100.0,35.14,2822.03504186071,73.41047646634796,56.20477108758569,96.85816424100676,71.71131553447398,comisionnacionaldelossalariosminimos
CONAVI,Comisión Nacional de Vivienda,109,741708349.923,87.16,0.0,4978.26,20.0,35.78,5866.3068431448,32.13016685562409,62.25594730669325,18.054855877260607,41.522764116602474,comisionnacionaldevivienda
CONAZA,Comisión Nacional de las Zonas Áridas,205,36810328.29000005,99.51,0.0,4444.44,25.0,33.17,3989.40907069562,62.70708905154222,86.87099683255246,29.834691304869853,64.4385058700722,comisionnacionaldelaszonasaridas
CONDUSEF,Comisión Nacional para la Protección y Defensa de los Usuarios de Servicios Financieros,485,392086078.0662398,94.64,0.0,4314.34,0.0,43.51,1624.50675657019,24.84801259369821,61.775395680468705,23.136789370659518,25.24635966567216,comisionnacionalparalaproteccionydefensadelosusuariosdeserviciosfinancieros
CONEVAL,Consejo Nacional de Evaluación de la Política de Desarrollo Social,217,261784818.1799999,83.41,0.0,4022.44,12.24,11.06,1316.29765452678,25.471452719314204,46.17024275802958,25.15896230687222,14.68844623456453,consejonacionaldeevaluaciondelapoliticadedesarrollosocial
CONOCER,Fideicomiso de los Sistemas Normalizado de Competencia Laboral y de Certificación de Competencia Laboral,164,56149301.62,66.46,0.0,2430.57,21.43,49.39,1483.74896069735,35.73725073234931,49.85499428648602,28.70907261924161,39.73802573553927,fideicomisodelossistemasnormalizadodecompetencialaboralydecertificaciondecompetencialaboral
CONSAR,Comisión Nacional del Sistema de Ahorro para el Retiro,309,263455221.32470393,88.35,0.0,3622.95,11.43,74.11,2219.22350524491,30.688264953169416,62.144009533952286,6.466334790507977,40.61155606002711,comisionnacionaldelsistemadeahorroparaelretiro
CONUEE,Comisión Nacional para el Uso Eficiente de la Energía,98,27502701.079999994,91.84,0.0,5238.1,30.0,12.24,3748.79922798921,58.3704547320302,68.2391113300901,36.442903470738706,30.06497774495896,comisionnacionalparaelusoeficientedelaenergia
CPTM,"Consejo de Promoción Turística de México, S.A. de C.V.",119,1991328059.0499997,96.64,0.0,4583.33,4.76,67.23,2422.93937323982,45.36128967320428,73.40123841641959,23.530833218960066,38.95982796987551,consejodepromocionturisticademexicosadecv
CRAE,Centro Regional de Alta Especialidad de Chiapas,890,1989476015.2698526,57.64,0.0,5223.84,20.39,68.73,1766.5776750027,31.62060669057508,45.83132136992583,16.651423963123516,69.96527275584968,centroregionaldealtaespecialidaddechiapas
CRE,Comisión Reguladora de Energía,113,473585752.5836,76.99,0.0,5104.94,31.03,44.25,2846.03755794534,22.935119040586564,49.89782125010209,17.253245280438172,26.44661304198697,comisionreguladoradeenergia
CSAEGRO,Colegio Superior Agropecuario del Estado de Guerrero,130,83424605.27400002,57.69,0.0,2944.62,30.43,30.23,2073.43703435298,28.381710553228025,46.551329035999984,12.04543582161295,45.7708435804988,colegiosuperioragropecuariodelestadodeguerrero
CULTURA,Secretaría de Cultura,5871,4006274891.2510877,97.81,0.0,4368.47,30.22,87.36,1634.73297777844,41.13690320673408,59.14751290598289,20.211662276582146,51.91137491798327,secretariadecultura
DICONSA,"Diconsa, S.A. de C.V.",69415,29602916279.687634,99.32,0.0,2907.64,12.39,95.6,162.957407985983,36.558331846914975,65.26438923073418,21.447906268676807,47.40754350162077,diconsasadecv
DIF,Sistema Nacional para el Desarrollo Integral de la Familia,415,1142219539.4754531,75.18,0.0,3355.08,29.37,37.11,951.144583307618,25.668469613644778,47.66433432283921,11.311506876150277,51.50723849645175,sistemanacionalparaeldesarrollointegraldelafamilia
ECHASA,"Estudios Churubusco Azteca, S.A.",659,305833544.69841707,99.09,0.0,4196.97,18.18,96.79,2072.34184132129,45.51180920830028,56.23771786619596,27.87312392066137,52.70176179167145,estudioschurubuscoaztecasa
ECOSUR,El Colegio de la Frontera Sur,514,109212694.99640006,96.3,0.58,3117.19,19.05,30.74,1186.79293584781,26.606774515812575,61.95486329384726,13.127884568568806,23.221133068490346,elcolegiodelafronterasur
EDUCAL,"Educal, S.A. de C.V.",188,77966282.77000001,99.47,0.0,,0.0,47.87,1947.5933015793,67.70327644773171,71.79975662717514,59.18551324293353,61.064559262049244,educalsadecv
ENTNOSEC,ENTIDADES NO SECTORIZADAS,0,1939593.4700000002,100.0,0.0,,,,ERROR,54.44041353588662,90.63703173685403,48.896545835005696,0.0,entidadesnosectorizadas
ESSA,"Exportadora de Sal, S.A. de C.V.",1395,2828306529.1718807,76.92,0.0,2223.22,10.57,67.1,2814.09086833542,37.645620767975274,47.62926998762538,28.038940809971848,30.945834108976626,exportadoradesalsadecv
FCE,Fondo de Cultura Económica,497,264575549.4499999,90.34,0.6,4589.74,49.12,88.13,935.21302730483,28.926761411049295,51.64870076627061,5.320928348880594,58.45414666515206,fondodeculturaeconomica
FEESA,Fondo de Empresas Expropiadas del Sector Azucarero,39,4438563.01,100.0,0.0,,,89.74,3246.93781362915,88.45101805319341,80.33004711970047,67.05812000229355,86.54211774268438,fondodeempresasexpropiadasdelsectorazucarero
FGR,Fiscalía General de la República,804,6083609981.072941,59.58,0.0,3170.21,22.81,30.86,1408.3491312153,35.906401732082145,38.71335497347956,40.30154645845647,15.557453125653483,fiscaliageneraldelarepublica
FICINE,Fideicomiso para la Cineteca Nacional,860,124888528.76523526,96.86,0.0,4317.96,38.46,96.63,242.865637289473,44.98586217047516,61.511494352114404,21.178869653009926,57.29960610387147,fideicomisoparalacinetecanacional
FIDENA,Fideicomiso de Formación y Capacitación para el Personal de la Marina Mercante Nacional,267,234227824.54000002,89.89,0.0,4703.23,44.12,86.14,2744.9080017878,73.78564403200065,67.39494589911537,41.328760100158874,99.782729189421,fideicomisodeformacionycapacitacionparaelpersonaldelamarinamercantenacional
FIFOMI,Fideicomiso de Fomento Minero,278,200648730.97989398,90.65,0.0,2970.15,12.0,43.53,1970.40803532824,41.863480777297276,58.7243338046083,34.37842056588387,26.883454549074443,fideicomisodefomentominero
FIFONAFE,Fideicomiso Fondo Nacional de Fomento Ejidal,114,44656649.03,100.0,0.0,5000.0,0.0,94.74,1797.10626106104,52.31441368495348,74.39542348884449,19.84587631556176,59.59670875719224,fideicomisofondonacionaldefomentoejidal
FIRA,"Fondo de Garantía y Fomento para la Agricultura, Ganadería y Avicultura",283,620659255.3431876,36.4,0.35,2901.16,3.41,3.53,1092.31449933712,5.695638994066191,24.11465645460034,5.353251642985808,4.304775305653389,fondodegarantiayfomentoparalaagriculturaganaderiayavicultura
FIRCO,Fideicomiso de Riesgo Compartido,219,158953734.76642,88.58,0.0,5513.89,33.33,67.89,4341.38011272148,63.973577404727,63.54203479644964,27.45761411976753,66.01079128230359,fideicomisoderiesgocompartido
FIT,"Ferrocarril del Istmo de Tehuantepec, S.A. de C.V.",192,5227475062.493091,50.52,1.04,3654.17,12.62,6.25,1650.25651109712,10.734844860250375,39.49865031929964,7.309748263846541,16.52993843263708,ferrocarrildelistmodetehuantepecsadecv
FND,"Financiera Nacional de Desarrollo Agropecuario, Rural, Forestal y Pesquero",343,2296532279.2876015,86.88,0.0,3874.6,4.17,74.05,3558.30525556219,21.88639683435698,46.74504724352154,8.96916891864938,32.082233913204526,financieranacionaldedesarrolloagropecuarioruralforestalypesquero
FOCIR,Fondo de Capitalización e Inversión del Sector Rural,99,40458467.521,94.95,0.0,3416.67,12.5,6.06,2242.15471329153,34.30267491004857,67.98276936578313,16.36091441623836,19.009866553806766,fondodecapitalizacioneinversiondelsectorrural
FONART,Fondo Nacional para el Fomento de las Artesanías,1318,109647697.6899997,99.7,0.0,6111.11,50.0,99.54,549.373286409229,54.77548132694082,62.17131760896875,45.0660075154914,69.30835733776621,fondonacionalparaelfomentodelasartesanias
FONATUR,Fondo Nacional de Fomento al Turismo,705,73672829518.63605,75.89,0.0,4061.8,7.77,62.55,2322.79206407769,36.932014769688074,50.983969799225804,24.619730690641088,37.0721207488922,fondonacionaldefomentoalturismo
FONATUR Infraestructura,"FONATUR Infraestructura, S.A. de C.V.",1608,716882327.7681003,95.77,0.0,4592.04,11.59,92.41,521.421410809356,45.05708597094315,58.26920849908008,27.74243334476958,43.89734291157174,fonaturinfraestructurasadecv
FONATUR Mantenimiento,"FONATUR Mantenimiento Turístico, S.A. de C.V.",1172,425327147.56096685,97.44,0.0,3000.0,3.33,95.56,295.317064319012,44.82761282063632,48.72242022484049,47.530487245313786,37.18905788260562,fonaturmantenimientoturisticosadecv
FONATUR TREN MAYA,"FONATUR Tren Maya, S.A. de C.V.",467,794792849.5168111,91.65,0.0,4680.56,20.0,94.86,3687.07785795023,52.47353448065451,54.20870253483756,52.467711906493705,54.11902932297096,fonaturtrenmayasadecv
FONHAPO,Fideicomiso Fondo Nacional de Habitaciones Populares,140,106394201.86000003,76.43,0.0,6357.55,21.95,43.57,2156.45994033573,44.76308066168029,71.04284917370951,33.00378442956106,46.99384426008993,fideicomisofondonacionaldehabitacionespopulares
GACM,"Grupo Aeroportuario de la Ciudad de México, S.A. de C.V.",264,25604541229.82519,92.42,0.0,,4.44,81.75,6908.81207268253,48.68446092476192,52.04966498320706,43.78463422498237,36.437106179557276,grupoaeroportuariodelaciudaddemexicosadecv
GN,Guardia Nacional,157,9470747734.178501,70.7,0.0,2157.51,47.92,63.46,1386.32612071665,34.518239308968276,82.32448607101186,11.63230683020466,46.4301574142036,guardianacional
HG,"Hospital General ""Dr. Manuel Gea González""",566,900171958.7000003,65.72,0.18,2748.38,33.8,35.99,1516.49545386897,29.583063317953943,37.48013556049384,28.20778657798722,30.453719089584286,hospitalgeneraldrmanuelgeagonzalez
HGM,"Hospital General de México ""Dr. Eduardo Liceaga""",2561,3098948016.920289,74.23,0.2,2388.08,22.05,74.16,1826.97419124746,47.500001149122106,42.06791002677958,49.92115697785513,40.50016129942946,hospitalgeneraldemexicodreduardoliceaga
HIM,Hospital Infantil de México Federico Gómez,1961,2169204577.9984264,63.84,0.1,2348.88,10.96,64.38,753.111459473325,29.230441069118463,36.80763320741414,27.49967238350025,38.73853278278831,hospitalinfantildemexicofedericogomez
HJM,Hospital Juárez de México,2052,2036530855.6886005,90.01,0.24,3108.27,65.85,60.58,1921.99067942418,29.878624743108745,49.64407401178051,11.635019052777858,41.31735342140869,hospitaljuarezdemexico
HRAEB,Hospital Regional de Alta Especialidad del Bajío,1706,1866120362.8324168,49.77,0.76,2198.87,6.73,30.01,2199.66945582047,23.971414722306864,43.719354051044306,21.44064811017215,25.445607011842082,hospitalregionaldealtaespecialidaddelbajio
HRAEI,Hospital Regional de Alta Especialidad de Ixtapaluca,434,548383040.3154621,67.05,0.0,3626.02,51.61,62.44,1571.47353443272,39.517657611375625,56.815034637455675,49.25203722985721,45.17275496147689,hospitalregionaldealtaespecialidaddeixtapaluca
HRAEO,Hospital Regional de Alta Especialidad de Oaxaca,953,1326034831.4931285,63.59,0.52,4890.52,43.46,59.24,1046.75514500179,27.628659836313773,36.888383931998966,32.50766670146867,55.68536622964988,hospitalregionaldealtaespecialidaddeoaxaca
HRAEPY,Hospital Regional de Alta Especialidad de la Península de Yucatán,719,1025390783.6299999,41.03,0.28,5670.14,32.35,66.62,1428.46635299263,64.01021430462676,65.0573569563767,72.43185809330835,34.27036750537082,hospitalregionaldealtaespecialidaddelapeninsuladeyucatan
HRAEV,"Hospital Regional de Alta Especialidad de Ciudad Victoria ""Bicentenario 2010""",1415,236191589.8314013,80.78,0.07,4673.91,56.54,82.69,560.249508138273,33.16226157420466,52.333249994667455,19.921916774324337,65.8234089466046,hospitalregionaldealtaespecialidaddeciudadvictoriabicentenario2010
IEPSA,"Impresora y Encuadernadora Progreso, S.A. de C.V.",1660,1850161855.3207297,99.22,0.0,3997.52,23.33,98.19,2059.23739184,65.78908186073167,70.04799443813585,63.97109425303938,56.88358623440188,impresorayencuadernadoraprogresosadecv
IFT,Instituto Federal de Telecomunicaciones,331,1751422231.754976,61.03,0.0,2753.02,31.2,62.24,847.745868119751,23.419780989694715,36.29777346700773,16.29360268454304,41.30542351029183,institutofederaldetelecomunicaciones
IMCINE,Instituto Mexicano de Cinematografía,1083,224027670.7196782,97.88,0.0,5684.78,40.74,71.47,614.164374062905,41.35316320974546,57.38958826775681,30.08816728952825,49.079508166826,institutomexicanodecinematografia
IMER,Instituto Mexicano de la Radio,1160,84502965.83999999,98.79,0.0,2575.76,58.82,98.7,379.557147385041,60.528518102640604,72.15734925628495,66.59469773600001,54.25447182012489,institutomexicanodelaradio
IMJ,Instituto Mexicano de la Juventud,238,138828836.76259992,90.76,0.0,3488.22,28.21,77.31,2574.21716304228,33.6481227248174,44.35600049317066,20.730615065769406,51.983610612840856,institutomexicanodelajuventud
IMP,Instituto Mexicano del Petróleo,1129,1370291448.1720293,92.38,0.0,4059.33,10.93,22.34,1284.20265780633,29.42339831918107,56.28665865766506,10.961613783540807,29.99297186014217,institutomexicanodelpetroleo
IMPI,Instituto Mexicano de la Propiedad Industrial,320,514680798.131793,72.5,0.0,2863.59,29.59,34.38,703.152677305626,18.396654361251368,39.895440200976914,13.869811564614368,36.53195357178565,institutomexicanodelapropiedadindustrial
IMSS,INSTITUTO MEXICANO DEL SEGURO SOCIAL,0,188042749.76,100.0,0.0,,,,260.744716597837,37.09907700471833,33.62151241505033,35.10816443483481,31.1043482660186,institutomexicanodelsegurosocial
IMSS,Instituto Mexicano del Seguro Social,138025,302332776684.0471,85.75,0.88,2746.43,27.52,12.91,488.335531607006,37.09907700471833,33.62151241505033,35.10816443483481,36.16227465793151,institutomexicanodelsegurosocial
IMT,Instituto Mexicano del Transporte,373,158952871.90193835,87.13,0.0,2933.66,22.64,15.86,2420.25299477587,29.684579912357417,59.177306873590695,10.449768852266832,38.63443479553846,institutomexicanodeltransporte
IMTA,Instituto Mexicano de Tecnología del Agua,622,569956792.8654802,80.87,0.0,3212.41,52.8,49.36,2759.92957921855,41.556653417820364,62.48239771097369,10.756334121895883,75.53905871403816,institutomexicanodetecnologiadelagua
INACIPE,Instituto Nacional de Ciencias Penales,1105,181395977.8599999,97.38,0.0,2895.06,71.43,66.12,370.821343593094,61.78136240968005,54.773939333476015,50.91480121180607,71.87316361225501,institutonacionaldecienciaspenales
INADEM,Instituto Nacional del Emprendedor,27,235544401.66,92.59,0.0,3472.22,0.0,55.56,7355.37594612785,31.88739568314115,52.61914845060227,33.901559268559986,23.235727668014324,institutonacionaldelemprendedor
INAES,Instituto Nacional de la Economía Social,115,71103078.11494397,86.96,0.0,3450.79,58.82,82.61,1552.04087928184,48.79008290846574,60.88612564626715,34.71053377176847,50.94684992724001,institutonacionaldelaeconomiasocial
INAH,Instituto Nacional de Antropología e Historia,4625,3155366299.2187715,96.43,0.04,3967.18,26.89,87.48,842.541784830231,35.306932348173326,46.803687263586845,31.251357584166396,54.048895074213746,institutonacionaldeantropologiaehistoria
INAI,"Instituto Nacional de Transparencia, Acceso a la Información y Protección de Datos Personales",314,394433241.61999977,61.78,0.0,3525.4,10.83,8.92,1302.89031351333,15.325620436723423,36.507181710730016,14.726096362233104,14.197367542027914,institutonacionaldetransparenciaaccesoalainformacionyprotecciondedatospersonales
INALI,Instituto Nacional de Lenguas Indígenas,202,47918622.62000001,91.09,0.0,4413.58,66.67,90.1,970.18850609547,80.39908750225852,54.40697255134997,94.0052551559221,75.71819193285634,institutonacionaldelenguasindigenas
INAOE,"Instituto Nacional de Astrofísica, Óptica y Electrónica",649,93403459.00378,98.31,0.0,4413.76,25.0,97.22,5290.41134434113,75.74234570959064,79.09783030661762,52.480915132711495,57.285723526732966,institutonacionaldeastrofisicaopticayelectronica
INAPAM,Instituto Nacional de las Personas Adultas Mayores,214,168258489.37319988,88.79,0.0,4034.86,34.29,78.4,1998.26526920329,32.08511658887452,53.36744096275514,22.33031826967895,48.34736463338005,institutonacionaldelaspersonasadultasmayores
INAPESCA,Instituto Nacional de Pesca y Acuacultura,859,848704148.1199999,98.02,0.0,6222.22,31.82,86.83,6960.19482994768,47.89919436786681,56.527184059113026,46.0386734997268,45.977234872416886,institutonacionaldepescayacuacultura
INBAL,Instituto Nacional de Bellas Artes y Literatura,4963,2182665263.37196,98.05,0.0,3199.13,32.48,79.49,1432.54320696613,38.19902745656308,56.7347548734607,23.525614792752457,53.08444170116431,institutonacionaldebellasartesyliteratura
INCAN,Instituto Nacional de Cancerología,1343,3961863074.3434267,81.91,0.07,2840.0,25.08,67.39,1594.55742817739,56.60334660943378,49.2355546199568,38.77038493433693,52.791573966299865,institutonacionaldecancerologia
INCARD,Instituto Nacional de Cardiología Ignacio Chávez,2974,3095308579.884999,84.63,0.07,2064.48,25.49,82.64,1828.04526773124,43.44618796859766,48.54682052507164,26.14531890668791,57.57289491832881,institutonacionaldecardiologiaignaciochavez
INCARURAL,"Instituto Nacional para el Desarrollo de Capacidades del Sector Rural, A.C.",3142,372839803.39000666,99.9,0.0,5166.67,28.57,99.75,927.719597010941,59.44504925803279,61.297617716506394,56.15283266510854,78.09988102785742,institutonacionalparaeldesarrollodecapacidadesdelsectorruralac
INCMNSZ,Instituto Nacional de Ciencias Médicas y Nutrición Salvador Zubirán,5177,4628072609.360466,84.6,0.0,1879.89,58.08,83.73,1537.57374935197,74.77818748244984,61.39030937355163,66.89295005653283,60.16518037706485,institutonacionaldecienciasmedicasynutricionsalvadorzubiran
INDAABIN,Instituto de Administración y Avalúos de Bienes Nacionales,7298,900757437.912552,99.67,0.05,4453.93,26.92,98.3,3177.24165915791,63.50405238321777,70.61379241745651,40.84585168812945,73.65641337847573,institutodeadministracionyavaluosdebienesnacionales
INDEP,Instituto para Devolver al Pueblo lo Robado,522,3777499786.9977393,91.95,0.0,3649.09,32.43,40.04,4330.46410184812,39.3060370919695,69.45372454499689,14.351078209381901,36.722416751126666,institutoparadevolveralpueblolorobado
INDESOL,Instituto Nacional de Desarrollo Social,201,135931180.50942004,98.51,0.0,7000.0,16.67,72.14,3319.24854996211,69.42936964792128,83.74023785007016,20.716116336855965,73.43331995843384,institutonacionaldedesarrollosocial
INEA,Instituto Nacional para la Educación de los Adultos,448,1185217682.7399993,94.2,0.0,5905.17,14.47,70.31,2506.7661088934,42.326191972544066,75.09935926389325,11.516149403436868,63.3522862538582,institutonacionalparalaeducaciondelosadultos
INECC,Instituto Nacional de Ecología y Cambio Climático,225,129131481.60881203,68.44,0.0,1944.44,24.56,76.89,3039.83172906541,47.67907108828978,60.17291961044988,22.990442969069253,82.32755743351795,institutonacionaldeecologiaycambioclimatico
INECOL,"Instituto de Ecología, A.C.",726,166458471.55969992,95.45,0.0,2587.58,6.9,76.86,366.028190087578,32.653453239399404,60.85337238745626,22.613512795234087,39.05295791508757,institutodeecologiaac
INEE,Instituto Nacional para la Evaluación de la Educación,38,77497975.30000001,76.32,0.0,4435.9,21.21,0.0,590.052957614905,22.796558944405017,37.66016971663429,21.231060962014283,22.699730052222982,institutonacionalparalaevaluaciondelaeducacion
INEEL,Instituto Nacional de Electricidad y Energías Limpias,895,230286149.088057,92.07,0.0,2614.26,10.77,5.25,543.349473266779,30.969760788664175,65.81327800335079,9.658822765831767,35.72691218047424,institutonacionaldeelectricidadyenergiaslimpias
INEGI,Instituto Nacional de Estadística Y Geografía,772,2968453289.584,0.26,0.0,1394.94,13.8,4.27,2467.05730998324,2.920448979419797,5.008942172508973,14.549899896094834,14.939403692812373,institutonacionaldeestadisticaygeografia
INER,Instituto Nacional de Enfermedades Respiratorias Ismael Cosío Villegas,2899,2057991534.772403,82.65,0.07,2494.54,1.81,57.15,646.770192289476,32.39087188419243,46.9104294731045,44.73241705727178,35.16076583803978,institutonacionaldeenfermedadesrespiratoriasismaelcosiovillegas
INFONACOT,Instituto del Fondo Nacional para el Consumo de los Trabajadores,889,3536097481.2576,95.05,0.0,4520.3,30.77,92.91,1170.69031291661,54.49826350000776,52.68962670107887,48.15606634110395,44.62450696798136,institutodelfondonacionalparaelconsumodelostrabajadores
INFOTEC,INFOTEC Centro de Investigación e Innovación en Tecnologías de la Información y Comunicación,154,270822222.5069001,89.61,0.0,6309.52,10.0,62.99,3507.98221011905,71.25251788663485,83.68000343534106,54.234344436578944,39.263577474430384,infoteccentrodeinvestigacioneinnovacionentecnologiasdelainformacionycomunicacion
INGER,Instituto Nacional de Geriatría,162,173887420.71000013,56.17,0.0,2265.27,14.81,47.53,4829.77656438956,57.981276478263055,66.22689688444605,70.461648297809,50.4664830428372,institutonacionaldegeriatria
INIFAP,"Instituto Nacional de Investigaciones Forestales, Agrícolas y Pecuarias",2238,916615845.4503008,96.51,0.0,2785.05,23.81,97.3,4239.71869981274,63.2467511220433,67.13520690831207,48.28387227023421,55.788122890278956,institutonacionaldeinvestigacionesforestalesagricolasypecuarias
INIFED,Instituto Nacional de la Infraestructura Física Educativa,6553,2702509744.2439766,95.99,0.02,6267.33,15.06,94.1,723.368115295927,52.675119791059444,56.85048480166392,27.794949877262116,35.19249703218429,institutonacionaldelainfraestructurafisicaeducativa
ININ,Instituto Nacional de Investigaciones Nucleares,509,207258141.42320004,91.75,0.0,5182.02,18.97,85.8,1000.65808990471,61.66368324514539,42.39714870805156,55.00617567980378,51.646149419273456,institutonacionaldeinvestigacionesnucleares
INM,Instituto Nacional de Migración,381,3042563747.960002,82.68,0.0,2095.33,30.12,77.95,1973.48509330863,40.911094479099006,49.19984332448465,62.291849386143895,36.38280996556266,institutonacionaldemigracion
INMEGEN,Instituto Nacional de Medicina Genómica,1287,187410472.21032682,97.9,0.0,2868.23,43.59,92.93,1276.41617652712,66.39659415728092,68.51059093367978,30.624153340595377,80.8449708520619,institutonacionaldemedicinagenomica
INMUJERES,Instituto Nacional de las Mujeres,265,180394477.67999998,90.57,0.0,3518.1,2.63,1.13,1234.11555318386,30.496985626102923,52.8502825632587,39.043030428281064,7.740245308305775,institutonacionaldelasmujeres
INNN,Instituto Nacional de Neurología y Neurocirugía Manuel Velasco Suárez,748,1192368506.993501,80.48,0.27,2847.02,27.34,69.46,2256.56119306846,61.514948784082904,57.174784319544244,71.91014655539682,46.57086680809812,institutonacionaldeneurologiayneurocirugiamanuelvelascosuarez
INP,Instituto Nacional de Pediatría,3352,2705333654.881159,85.26,0.3,3022.83,35.82,83.59,1189.62476848863,30.1095126180842,49.5876488166701,24.510018150802757,58.10072767732637,institutonacionaldepediatria
INPER,Instituto Nacional de Perinatología Isidro Espinosa de los Reyes,1426,789998309.7043998,69.85,0.07,1203.93,26.0,54.0,1329.79215756318,41.23763111728859,74.44557008518741,24.669903574910165,37.12098706832559,institutonacionaldeperinatologiaisidroespinosadelosreyes
INPI,Instituto Nacional de los Pueblos Indígenas,2588,4094895807.8153462,92.19,0.0,4337.64,27.11,68.81,196.157865419073,52.7374506745269,58.875562204621204,44.78345460140866,58.55093963623208,institutonacionaldelospueblosindigenas
INPSIQ,Instituto Nacional de Psiquiatría Ramón de la Fuente Muñiz,920,236481813.1669997,79.89,0.22,2927.78,40.96,50.54,524.99203156828,35.34207032408213,55.661459742638684,18.815758938853016,46.73827263654789,institutonacionaldepsiquiatriaramondelafuentemuniz
INR,Instituto Nacional de Rehabilitación Luis Guillermo Ibarra Ibarra,1393,1251781263.1240003,91.17,0.07,2765.15,41.38,39.63,1880.27374736689,44.90171682616524,71.16371782019984,26.566368979191196,37.49970502814989,institutonacionalderehabilitacionluisguillermoibarraibarra
INSABI,Instituto de Salud para el Bienestar,882,18810625771.179955,70.29,0.45,,100.0,99.72,333.219693431781,71.90432717157628,34.79684514149235,80.64838052764868,56.55095725391338,institutodesaludparaelbienestar
INSP,Instituto Nacional de Salud Pública,1780,389385922.0039708,95.9,0.0,3719.66,30.38,91.02,976.416322409588,62.760467851040644,61.92294950142243,51.51101448793525,72.93343676324338,institutonacionaldesaludpublica
INSUS,Instituto Nacional del Suelo Sustentable,226,145333099.14000002,93.36,0.0,4097.22,57.14,78.76,1764.83714755197,78.39134139992842,55.56391277184643,98.71306764995069,49.99690794118083,institutonacionaldelsuelosustentable
IPAB,Instituto para la Protección al Ahorro Bancario,167,199813341.31739002,86.83,0.0,4345.24,9.52,70.66,1490.49677134944,42.33447761697639,61.46100323785814,28.892148681952186,51.68466024759306,institutoparalaproteccionalahorrobancario
IPICYT,"Instituto Potosino de Investigación Científica y Tecnológica, A.C.",836,366337825.0235873,93.9,0.0,1678.53,31.58,0.48,2092.73327094742,29.813477357160544,59.83159559134895,12.235889261625559,43.64722527270413,institutopotosinodeinvestigacioncientificaytecnologicaac
IPN,Instituto Politécnico Nacional,1786,4159805470.5331206,80.52,0.06,2707.6,19.12,75.76,704.85406353457,30.971678125521525,39.10659343274833,20.38292458291676,42.5811335343999,institutopolitecniconacional
ISSFAM,Instituto de Seguridad Social para las Fuerzas Armadas Mexicanas,598,2576782059.424098,64.21,0.0,2338.94,0.78,25.25,7849.66952730107,100.0,89.60706547321216,100.0,76.90688865106418,institutodeseguridadsocialparalasfuerzasarmadasmexicanas
ISSSTE,INSTITUTO DE SEGURIDAD Y SERVICIOS SOCIALES DE LOS TRABAJADORES DEL ESTADO,0,1799840.39,100.0,0.0,,,,154.034754184658,41.71363121427593,31.552126351204198,24.703357632869924,51.13112438018131,institutodeseguridadyserviciossocialesdelostrabajadoresdelestado
ISSSTE,Instituto de Seguridad y Servicios Sociales de los Trabajadores del Estado,30107,95985753621.08255,82.39,0.13,3392.91,37.6,76.42,685.639079677312,42.773556926557816,35.691417118171856,48.834364650245476,51.13112438018131,institutodeseguridadyserviciossocialesdelostrabajadoresdelestado
LICONSA,"Liconsa, S.A. de C.V.",3609,11310876465.007473,93.32,0.06,4331.11,21.4,52.91,1111.4076647503,39.28094138783717,64.41019196389365,34.59451975377251,49.486689637997486,liconsasadecv
LOTENAL,Lotería Nacional para la Asistencia Pública,444,1742244263.4800017,93.69,0.0,4380.09,30.77,85.36,4297.6386780156,27.748651730382324,46.572711437097766,17.299206558819964,41.23369332343484,loterianacionalparalaasistenciapublica
MEJOREDU,Comisión Nacional para la Mejora Continua de la Educación,38,30483033.075000003,55.26,0.0,2935.96,14.29,28.95,2291.89639357273,20.617751740444696,34.78374831882163,13.032289093257852,26.197486920136843,comisionnacionalparalamejoracontinuadelaeducacion
MORA,"Instituto de Investigaciones ""Dr. José María Luis Mora""",539,96842469.53699097,96.66,0.0,4236.33,13.79,93.88,343.770653369367,72.78037699571269,60.56333092366597,62.10909137247418,49.53615150267721,institutodeinvestigacionesdrjosemarialuismora
NAFIN,"Nacional Financiera, S.N.C.",5626,6636941978.314021,95.2,0.02,2809.4,27.24,88.87,1110.66275428546,44.96755175310518,51.83853925620724,51.84630131013178,71.76738319650651,nacionalfinancierasnc
NOTIMEX,"Notimex, Agencia de Noticias del Estado Mexicano",154,116724091.94642958,82.47,0.0,3325.4,18.18,46.1,3552.02290936027,37.18920875235278,62.12788669298182,19.054005404378472,27.69389797892328,notimexagenciadenoticiasdelestadomexicano
OnceTV,XE-IPN Canal 11,5505,802297675.3805423,99.53,0.0,2929.33,14.29,88.61,204.870735700038,28.09555199823141,60.162122844786914,5.167794578741853,55.93423398901693,xeipncanal11
PA,Procuraduría Agraria,527,436252368.7703509,97.72,0.0,5078.95,28.57,92.94,6257.30983851876,53.241749864099134,90.22967493963877,23.980867837205064,46.88286238896407,procuraduriaagraria
PF,Policía Federal,74,1266090773.5316288,93.24,0.0,2166.67,100.0,91.89,1516.76455499187,40.85967043491222,55.03126423498378,27.141365552830283,55.00029591921493,policiafederal
PGR,Procuraduría General de la República,490,951107317.3119478,75.71,0.0,5536.76,22.41,54.59,643.39975946956,33.909025777975906,32.596299604449264,43.187765291656824,26.345552304366336,procuraduriageneraldelarepublica
POI,Patronato de Obras e Instalaciones del Instituto Politécnico Nacional,94,325702741.96,94.68,0.0,2000.0,0.0,52.13,1905.01008089699,65.99489336122518,71.50297757102783,81.43491374972731,39.1239459359109,patronatodeobraseinstalacionesdelinstitutopolitecniconacional
PR,Presidencia de la República,282,366422459.54373616,54.64,0.69,3601.65,17.17,10.32,2519.33597113685,52.41399264868556,41.792263318342215,64.53216271163991,27.800024271419748,presidenciadelarepublica
PRODECON,Procuraduría de la Defensa del Contribuyente,181,280635006.436236,90.06,0.0,2770.54,3.7,20.44,2328.10119483507,31.09187693245764,58.891848065607775,29.439775658191103,14.91048509808565,procuraduriadeladefensadelcontribuyente
PROFECO,Procuraduría Federal del Consumidor,566,666481843.0499998,85.34,0.88,2657.9,24.67,38.52,993.804525527269,32.06906323680321,57.43866065983146,27.49747534360491,33.8002077916147,procuraduriafederaldelconsumidor
PROFEDET,Procuraduría Federal de la Defensa del Trabajo,121,47932425.17499998,81.82,0.0,4011.9,33.33,61.16,1683.10447130287,31.858064450828316,57.168039991654595,27.598535471095108,39.92670100049927,procuraduriafederaldeladefensadeltrabajo
PROFEPA,Procuraduría Federal de Protección al Ambiente,271,435732247.08699995,87.08,0.0,5714.29,15.38,74.52,1284.95263691196,81.63170972559395,78.21809029513389,46.220425718073955,54.76365422285565,procuraduriafederaldeproteccionalambiente
PROMEXICO,ProMéxico,60,177823379.35000005,43.33,0.0,2919.31,17.24,8.77,4947.88970856286,18.232551161461824,32.12392526167617,29.18759798791561,10.183376060958702,promexico
PROMTEL,Organismo Promotor de Inversiones en Telecomunicaciones,93,150821204.83,92.47,0.0,3361.11,14.29,79.57,9480.3064932619,32.65542871465622,60.54920993901932,15.690028831058033,41.99272186643243,organismopromotordeinversionesentelecomunicaciones
PRONABIVE,Productora Nacional de Biológicos Veterinarios,412,99301455.64000006,94.17,0.0,2875.0,10.0,92.72,594.369378927416,36.94604816022849,59.01291994151195,20.619430652477213,50.68439499507701,productoranacionaldebiologicosveterinarios
PRONOSTICOS,Pronósticos para la Asistencia Pública,416,1894934387.3739328,93.51,0.0,3916.99,26.32,76.68,660.011646898839,59.21532742791518,53.719888781693,29.77230552763354,61.56627991302807,pronosticosparalaasistenciapublica
PRS,Prevención y Readaptación Social,356,372832305.5909999,43.54,1.12,2000.0,80.0,82.3,2779.21967415958,68.59181770439926,57.667431679793616,54.65695769350592,87.68118157295274,prevencionyreadaptacionsocial
RAN,Registro Agrario Nacional,531,218491618.34288207,96.61,0.0,6000.0,40.0,94.25,1217.75130400558,69.15966220227435,78.00275902139279,66.59112516234853,74.62409798631926,registroagrarionacional
SACM,"Servicios Aeroportuarios de la Ciudad de México, S.A. de C.V.",24,11518459.39,91.67,0.0,10000.0,50.0,79.17,6126.47246261217,53.48412847077011,85.57477131840676,19.84587631556176,56.697953667350866,serviciosaeroportuariosdelaciudaddemexicosadecv
SADER,Secretaría de Agricultura y Desarrollo Rural,4288,3375695780.412003,95.59,0.0,4578.32,22.18,83.21,1517.91168819253,47.65455401836719,58.48828378978727,31.82837974699721,43.02316112046821,secretariadeagriculturaydesarrollorural
SAE,Servicio de Administración y Enajenación de Bienes,131,2518242517.19,85.5,0.0,3040.95,3.57,59.54,2133.22562778475,18.90042208209426,30.443397413712237,19.77982806021071,20.495994200081626,serviciodeadministracionyenajenaciondebienes
SAP,Servicios de Atención Psiquiátrica,894,431102455.28,44.07,2.91,1661.29,98.82,79.19,2563.85686182108,62.55219518149191,50.009746478291106,55.620334691147896,74.2291334290875,serviciosdeatencionpsiquiatrica
SAT,Servicio de Administración Tributaria,1715,30091122597.03927,68.92,0.12,4268.49,32.03,32.83,1046.09395506445,23.677816664662743,41.249714050404556,15.022688988378388,25.1270267566937,serviciodeadministraciontributaria
SCT,Secretaría de Comunicaciones y Transportes,12765,106518182514.8828,46.9,0.03,4566.76,14.2,12.13,509.23602309924,28.126668267913434,26.27910943637372,35.57653313992626,28.28789942655122,secretariadecomunicacionesytransportes
SCVSHF,"Seguros de Crédito a la Vivienda SHF, S.A. de C.V.",16,3341105.0,100.0,0.0,,,100.0,2513.54350422438,58.21900242300122,75.73751650982572,29.33792750100342,50.32507230894878,segurosdecreditoalaviviendashfsadecv
SE,Secretaría de Economía,798,1929225666.0778427,92.39,0.0,3434.86,22.38,46.62,1079.3638875012,41.17573046496521,50.87804512541096,39.30450809876411,35.80788198875871,secretariadeeconomia
SECTUR,Secretaría de Turismo,203,476525110.14705193,93.0,0.0,3752.27,20.93,4.93,1051.42110022116,29.57217896878844,57.976797648216646,23.381998238702295,15.027811766242069,secretariadeturismo
SEDATU,"Secretaría de Desarrollo Agrario, Territorial y Urbano",5593,8886995342.820196,96.92,0.0,3163.12,12.02,94.21,396.723182983439,35.49240591491771,72.06130253497712,17.964102535902043,35.04747903115121,secretariadedesarrolloagrarioterritorialyurbano
SEDENA,Secretaría de la Defensa Nacional,7559,37714299256.30743,47.06,0.26,1721.31,40.89,12.07,321.707184562605,31.214384010468464,23.774703787981384,50.764535359491326,35.171774319971604,secretariadeladefensanacional
SEGALMEX,Seguridad Alimentaria Mexicana,142,8844699071.720001,95.07,0.0,4098.64,14.29,93.8,2067.90826956433,41.473998811731924,73.4767476330505,23.784465613337673,44.69759364232466,seguridadalimentariamexicana
SEGOB,Secretaría de Gobernación,1139,6812081129.7327,93.34,0.0,3198.31,22.55,77.13,3975.58151637105,38.287945694454805,56.985244410811866,40.15019924834089,41.747627052076034,secretariadegobernacion
SEMAR,Secretaría de Marina,9172,9480406167.904108,94.49,0.12,2011.68,0.59,73.42,323.562739199266,37.9663004425904,55.55623748006754,25.624310217708107,46.543716236046635,secretariademarina
SEMARNAT,Secretaría de Medio Ambiente y Recursos Naturales,755,1252592755.9936836,62.16,0.0,4004.9,57.92,66.67,776.750027908305,32.66338346892628,37.74769549119007,24.2202608333154,50.03622652990255,secretariademedioambienteyrecursosnaturales
SENASICA,"Servicio Nacional de Sanidad, Inocuidad y Calidad Agroalimentaria",1213,2325917457.2028766,66.53,0.0,2633.91,35.75,19.37,1459.94368407657,36.82476393589183,49.167573167251554,10.32804425877286,51.81993971891624,servicionacionaldesanidadinocuidadycalidadagroalimentaria
SENEAM,Servicios a la Navegación en el Espacio Aéreo Mexicano,647,1526731702.6298661,96.14,0.15,4153.27,10.87,78.67,6440.75773717401,38.538704932722666,76.49401092509677,22.71510309466659,30.44857337232659,serviciosalanavegacionenelespacioaereomexicano
SENER,SECRETARÍA DE ENERGÍA,0,1690169.1199999996,100.0,0.0,,,,1816.19664884088,24.418931650544906,50.20040477353055,2.344183430348686,32.569210548747726,secretariadeenergia
SENER,Secretaría de Energía,141,290930279.99561393,73.76,0.0,4760.4,27.78,66.67,1816.19664884088,24.418931650544906,50.849769729950225,2.344183430348686,38.34570474047598,secretariadeenergia
SEP,SECRETARÍA DE EDUCACIÓN PÚBLICA,0,16118285.290000005,100.0,0.0,,,,1528.94843299867,21.84916673494745,52.11350052887029,12.244545790848749,22.760022643856338,secretariadeeducacionpublica
SEP,Secretaría de Educación Pública,312,8108467689.439499,69.13,0.0,2243.35,6.72,37.18,1613.83161515916,21.84916673494745,52.11350052887029,12.244545790848749,22.760022643856338,secretariadeeducacionpublica
SEPOMEX,Servicio Postal Mexicano,334,2523348720.86,70.66,0.3,2959.18,10.17,63.77,4214.77311365553,44.88378289241856,49.55039830089941,36.131490673831586,58.90358947050763,serviciopostalmexicano
SESNA,Secretaría Ejecutiva del Sistema Nacional Anticorrupción,42,21157914.439999998,71.43,0.0,3185.43,5.88,52.38,3236.76064341769,31.257044810489653,44.09029804816308,18.880242437273193,33.46935195494044,secretariaejecutivadelsistemanacionalanticorrupcion
SESNSP,Secretariado Ejecutivo del Sistema Nacional de Seguridad Pública,270,193918077.20999992,94.07,0.0,3428.57,45.45,92.96,1510.32478285748,74.46557525630497,55.22837228561198,44.811001408606515,71.62280124271187,secretariadoejecutivodelsistemanacionaldeseguridadpublica
SFP,Secretaría de la Función Pública,3150,1159416929.9798062,96.81,0.0,3652.17,40.31,89.93,186.11965241757,42.55144629243468,60.17327670255821,21.95971441186141,75.62701451629809,secretariadelafuncionpublica
SGM,Servicio Geológico Mexicano,805,1071272014.3659939,90.19,0.0,3621.03,25.26,15.53,1196.94040984704,56.272438587263295,48.69469203000349,80.43047663521396,20.030854471497385,serviciogeologicomexicano
SHCP,SECRETARÍA DE HACIENDA Y CRÉDITO PÚBLICO,0,20968059.980000015,100.0,0.0,,,,7019.87222710712,30.601076611533053,54.312911524224184,10.852335598568702,42.1296131998421,secretariadehaciendaycreditopublico
SHCP,Secretaría de Hacienda y Crédito Público,648,10303794200.377033,91.98,0.0,4116.0,5.83,44.89,7019.87222710712,30.601076611533053,54.312911524224184,10.852335598568702,42.1296131998421,secretariadehaciendaycreditopublico
SHF,"Sociedad Hipotecaria Federal, S.N.C.",247,575907178.5813361,92.71,0.0,4309.16,8.7,84.15,2287.34691835537,43.727452063369846,71.18555543283702,30.91917525889803,35.92053077676855,sociedadhipotecariafederalsnc
SIAP,Servicio de Información Agroalimentaria y Pesquera,79,338374555.12,81.01,0.0,3500.0,57.14,68.35,6387.268786759,37.77217120797258,64.35676356952494,11.295956566646188,63.20221410980507,serviciodeinformacionagroalimentariaypesquera
SNICS,Servicio Nacional de Inspección y Certificación de Semillas,216,103069667.30000001,87.04,0.0,5523.81,0.0,75.46,3548.86914271505,42.22900583723981,56.46818296388749,39.98522222995878,42.168891405172424,servicionacionaldeinspeccionycertificaciondesemillas
SPF,Servicio de Protección Federal,224,807332373.6537001,89.73,0.0,3145.34,11.43,11.61,1745.84392189879,39.2219982171272,82.43456375351346,28.26103088239613,22.247350861213153,serviciodeproteccionfederal
SPR,Sistema Público de Radiodifusión del Estado Mexicano,608,678119328.7731663,96.71,0.0,4117.6,8.57,84.38,728.744610395019,55.21546770468366,63.445377369961584,47.1208789932098,41.693018049417674,sistemapublicoderadiodifusiondelestadomexicano
SRE,SECRETARÍA DE RELACIONES EXTERIORES,0,3204684.77,100.0,0.0,,,,4913.99248845808,29.5822889215836,69.41719373850852,10.180681102591764,37.488397963904816,secretariaderelacionesexteriores
SRE,Secretaría de Relaciones Exteriores,391,8222014944.784411,89.77,0.0,3936.71,15.79,46.55,4913.99248845808,29.5822889215836,69.41719373850852,10.180681102591764,37.488397963904816,secretariaderelacionesexteriores
SSA,Secretaría de Salud,2853,11934335035.772436,76.14,0.4,4143.76,33.33,62.41,1067.48577593895,50.52869777233746,51.7419857869873,53.280877015172656,42.82756013331714,secretariadesalud
SSPC,Secretaría de Seguridad y Protección Ciudadana,58,361499570.64000016,97.73,0.0,4690.48,0.0,79.31,1300.42514372103,45.27933872591596,68.63244066610025,30.81597305626528,29.505809028913593,secretariadeseguridadyproteccionciudadana
STPS,Secretaría del Trabajo y Previsión Social,878,1340234488.5774088,96.22,0.0,3462.91,10.71,78.25,1940.41410581963,40.15684392971607,51.26817470946471,34.18581290822565,32.23301094809618,secretariadeltrabajoyprevisionsocial
TECNM,Tecnológico Nacional de México,21,324908530.22999996,38.1,0.0,,100.0,100.0,9921.85887607993,100.0,100.0,84.83936976245317,100.0,tecnologiconacionaldemexico
TELECOMM,Telecomunicaciones de México,488,1590531771.0034962,93.44,0.61,3404.22,12.86,67.42,1101.0203046745,32.51524611143584,61.041582672447305,15.331344906019586,42.20028566252488,telecomunicacionesdemexico
TFJA,Tribunal Federal de Justicia Administrativa,741,995988538.1000005,81.38,0.13,3690.55,5.88,42.74,2815.97794625789,34.68018980341485,63.12348380161389,24.047405868269774,25.280870113415375,tribunalfederaldejusticiaadministrativa
TGM,Talleres Gráficos de México,1137,1144206455.4680002,99.38,0.7,6666.67,5.26,97.45,891.632263531793,65.41380154123414,68.46818376545552,63.42271241493395,61.673783221175384,talleresgraficosdemexico
TVMETRO,Televisión Metropolitana S.A. de C.V.,721,283821227.3963639,94.87,0.0,2804.23,65.91,8.88,2248.03698038218,43.460544137550976,59.35269238386083,40.85940846395514,51.9372968871951,televisionmetropolitanasadecv
Tribunales Agrarios,Tribunales Agrarios,195,241938317.51999992,49.74,0.0,2989.16,12.12,3.59,2236.50945798401,50.34739057284189,51.511375007531036,56.32289606242856,15.883026956060469,tribunalesagrarios
UNADM,Universidad Abierta y a Distancia de México,12,150352388.35,50.0,0.0,,,91.67,6991.80614169543,55.11922141337525,50.879589161158655,34.23150795751964,46.85992861671443,universidadabiertayadistanciademexico
UPN,Universidad Pedagógica Nacional,145,101416322.09000003,76.55,0.0,2947.98,27.78,77.3,7160.5968732048,52.783005579910245,53.25652568953652,40.67101149562232,58.62527741797624,universidadpedagogicanacional
USCMM,Unidad del Sistema para la Carrera de las Maestras y los Maestros,11,496027863.9,27.27,0.0,,,100.0,10000,63.34495856879021,97.48101120345731,34.33358948491315,70.28989292507165,unidaddelsistemaparalacarreradelasmaestrasylosmaestros
ZEE,Autoridad Federal para el Desarrollo de las Zonas Económicas Especiales,138,153416243.30189994,94.93,0.0,5694.44,10.0,75.36,1348.64458426608,29.636940033839466,55.67794347286392,17.5121324682383,32.17022812874627,autoridadfederalparaeldesarrollodelaszonaseconomicasespeciales
